Wavelength_(nm),Intensity_(Counts),,,Wavelength_(nm),Intensity_(Counts)
340.712,3.83,,,430,9160
341.091,3.83,,,431,9200
341.47,3.83,,,432,9300
341.849,-1.07,,,433,8710
342.229,-135.86,,,434,8740
342.608,-5.97,,,435,8820
342.987,-77.04,,,436,8550
343.366,55.29,,,437,8280
343.745,-40.28,,,438,8440
344.124,20.98,,,439,7500
344.503,18.53,,,440,7940
344.881,20.98,,,441,8060
345.26,-5.97,,,442,7650
345.639,45.49,,,443,7720
346.018,-47.64,,,444,7440
346.396,-20.68,,,445,7410
346.775,-28.03,,,446,7430
347.154,45.49,,,447,7450
347.532,23.44,,,448,7690
347.911,50.39,,,449,8130
348.289,-54.99,,,450,8080
348.668,-18.23,,,451,7860
349.046,-15.78,,,452,7750
349.425,-72.14,,,453,7780
349.803,30.79,,,454,7600
350.181,1.38,,,455,8180
350.56,-126.06,,,456,8120
350.938,-54.99,,,457,8180
351.316,-5.97,,,458,8140
351.694,84.7,,,459,8230
352.072,-52.54,,,460,8320
352.45,89.6,,,461,8920
352.828,82.25,,,462,9580
353.206,-15.78,,,463,8910
353.584,-15.78,,,464,10770
353.962,-25.58,,,465,10820
354.34,-67.24,,,466,11470
354.718,-23.13,,,467,12200
355.095,-3.52,,,468,13290
355.473,-91.75,,,469,13950
355.851,-32.93,,,470,15890
356.229,-96.65,,,471,16700
356.606,47.94,,,472,18980
356.984,-15.78,,,473,22650
357.361,-99.1,,,474,24310
357.739,-20.68,,,475,27580
358.116,20.98,,,476,30910
358.494,-1.07,,,477,36710
358.871,16.08,,,478,41690
359.248,-25.58,,,479,47520
359.626,18.53,,,480,55220
360.003,-23.13,,,481,63810
360.38,96.96,,,482,73300
360.757,18.53,,,483,85420
361.134,-64.79,,,484,105700
361.511,96.96,,,485,124070
361.888,18.53,,,486,148500
362.265,79.8,,,487,178460
362.642,18.53,,,488,214600
363.019,-1.07,,,489,257810
363.396,126.37,,,490,314840
363.773,55.29,,,491,380000
364.15,-28.03,,,492,453360
364.527,-23.13,,,493,548050
364.903,-74.59,,,494,649370
365.28,-69.69,,,495,774970
365.657,-5.97,,,496,902790
366.033,-37.83,,,497,1033580
366.41,92.06,,,498,1166790
366.786,1.38,,,499,1289690
367.163,28.34,,,500,1426100
367.539,111.66,,,501,1545600
367.915,-37.83,,,502,1628570
368.292,79.8,,,503,1699910
368.668,74.9,,,504,1740090
369.044,30.79,,,505,1745960
369.421,28.34,,,506,1730750
369.797,-42.73,,,507,1693840
370.173,25.89,,,508,1625370
370.549,611.61,,,509,1545010
370.925,-32.93,,,510,1445600
371.301,-72.14,,,511,1348440
371.677,-10.88,,,512,1233380
372.053,-20.68,,,513,1136040
372.429,28.34,,,514,1038530
372.805,87.15,,,515,940510
373.181,43.04,,,516,840890
373.556,-89.3,,,517,754930
373.932,-64.79,,,518,679210
374.308,-94.2,,,519,604090
374.683,55.29,,,520,535620
375.059,43.04,,,521,489090
375.435,116.56,,,522,429420
375.81,74.9,,,523,383200
376.186,-28.03,,,524,341420
376.561,13.63,,,525,310210
376.936,-20.68,,,526,278010
377.312,-57.44,,,527,250830
377.687,-45.19,,,528,226440
378.062,-8.42,,,529,204880
378.438,-62.34,,,530,182350
378.813,84.7,,,531,168110
379.188,-155.47,,,532,152860
379.563,-37.83,,,533,139890
379.938,-8.42,,,534,128500
380.313,47.94,,,535,116660
380.688,116.56,,,536,109260
381.063,35.69,,,537,100860
381.438,50.39,,,538,90420
381.813,-8.42,,,539,82190
382.188,-47.64,,,540,77200
382.563,16.08,,,541,72840
382.937,13.63,,,542,67330
383.312,-23.13,,,543,60950
383.687,50.39,,,544,56120
384.061,-8.42,,,545,53200
384.436,33.24,,,546,49140
384.81,-77.04,,,547,49230
385.185,-1.07,,,548,44870
385.559,40.59,,,549,42010
385.934,-57.44,,,550,39230
386.308,-15.78,,,551,37480
386.682,25.89,,,552,36620
387.057,-89.3,,,553,34250
387.431,20.98,,,554,34270
387.805,-13.33,,,555,31140
388.179,45.49,,,556,31790
388.553,-30.48,,,557,29860
388.927,77.35,,,558,29170
389.301,-13.33,,,559,27650
389.675,43.04,,,560,29000
390.049,-30.48,,,561,27760
390.423,45.49,,,562,27170
390.797,104.31,,,563,25470
391.171,-5.97,,,564,24780
391.545,55.29,,,565,24050
391.919,-81.95,,,566,23510
392.292,-79.5,,,567,21900
392.666,-54.99,,,568,21960
393.04,1.38,,,569,19550
393.413,-5.97,,,570,18750
393.787,131.27,,,571,18900
394.16,20.98,,,572,17190
394.534,55.29,,,573,16710
394.907,25.89,,,574,16380
395.28,136.17,,,575,16360
395.654,96.96,,,576,14960
396.027,-18.23,,,577,15270
396.4,67.55,,,578,14910
396.773,3.83,,,579,14020
397.147,-1.07,,,580,13690
397.52,89.6,,,581,13640
397.893,40.59,,,582,13100
398.266,1.38,,,583,13270
398.639,60.2,,,584,12300
399.012,57.75,,,585,12100
399.385,-37.83,,,586,11600
399.757,60.2,,,587,12100
400.13,89.6,,,588,12180
400.503,89.6,,,589,11310
400.876,96.96,,,590,12330
401.248,16.08,,,591,11890
401.621,84.7,,,592,11070
401.994,55.29,,,593,11450
402.366,11.18,,,594,12410
402.739,-10.88,,,595,12890
403.111,72.45,,,596,13460
403.484,82.25,,,597,14200
403.856,141.07,,,598,15480
404.229,-13.33,,,599,15740
404.601,65.1,,,600,15690
404.973,109.21,,,,
405.345,18.53,,,,
405.718,229.3,,,,
406.09,-1.07,,,,
406.462,-59.89,,,,
406.834,99.41,,,,
407.206,33.24,,,,
407.578,-8.42,,,,
407.95,11.18,,,,
408.322,28.34,,,,
408.693,79.8,,,,
409.065,87.15,,,,
409.437,-101.55,,,,
409.809,104.31,,,,
410.18,8.73,,,,
410.552,45.49,,,,
410.924,-25.58,,,,
411.295,-5.97,,,,
411.667,57.75,,,,
412.038,-13.33,,,,
412.41,43.04,,,,
412.781,-64.79,,,,
413.152,28.34,,,,
413.524,-30.48,,,,
413.895,111.66,,,,
414.266,-15.78,,,,
414.637,-28.03,,,,
415.008,87.15,,,,
415.38,-32.93,,,,
415.751,-94.2,,,,
416.122,20.98,,,,
416.493,1.38,,,,
416.863,-47.64,,,,
417.234,18.53,,,,
417.605,62.65,,,,
417.976,6.28,,,,
418.347,74.9,,,,
418.717,-28.03,,,,
419.088,62.65,,,,
419.459,-62.34,,,,
419.829,-99.1,,,,
420.2,-128.51,,,,
420.57,89.6,,,,
420.941,74.9,,,,
421.311,62.65,,,,
421.682,-32.93,,,,
422.052,-32.93,,,,
422.422,-23.13,,,,
422.792,47.94,,,,
423.163,25.89,,,,
423.533,-40.28,,,,
423.903,72.45,,,,
424.273,-35.38,,,,
424.643,-23.13,,,,
425.013,-118.71,,,,
425.383,-5.97,,,,
425.753,-1.07,,,,
426.123,114.11,,,,
426.492,-10.88,,,,
426.862,38.14,,,,
427.232,62.65,,,,
427.602,-8.42,,,,
427.971,-25.58,,,,
428.341,-96.65,,,,
428.71,-13.33,,,,
429.08,-15.78,,,,
429.449,60.2,,,,
429.819,-23.13,,,,
430.188,1.38,,,,
430.557,18.53,,,,
430.927,-15.78,,,,
431.296,11.18,,,,
431.665,13.63,,,,
432.034,-23.13,,,,
432.403,87.15,,,,
432.772,-1.07,,,,
433.142,138.62,,,,
433.51,163.13,,,,
433.879,28.34,,,,
434.248,72.45,,,,
434.617,-111.36,,,,
434.986,-37.83,,,,
435.355,77.35,,,,
435.724,33.24,,,,
436.092,-96.65,,,,
436.461,47.94,,,,
436.829,65.1,,,,
437.198,-13.33,,,,
437.567,99.41,,,,
437.935,20.98,,,,
438.303,87.15,,,,
438.672,13.63,,,,
439.04,18.53,,,,
439.408,-28.03,,,,
439.777,-32.93,,,,
440.145,126.37,,,,
440.513,121.46,,,,
440.881,158.23,,,,
441.249,-3.52,,,,
441.617,-128.51,,,,
441.985,-3.52,,,,
442.353,57.75,,,,
442.721,30.79,,,,
443.089,-1.07,,,,
443.457,-8.42,,,,
443.825,38.14,,,,
444.192,-47.64,,,,
444.56,-62.34,,,,
444.928,43.04,,,,
445.295,16.08,,,,
445.663,38.14,,,,
446.03,6.28,,,,
446.398,18.53,,,,
446.765,33.24,,,,
447.133,-1.07,,,,
447.5,77.35,,,,
447.867,38.14,,,,
448.235,70,,,,
448.602,72.45,,,,
448.969,310.17,,,,
449.336,361.64,,,,
449.703,457.21,,,,
450.07,839.53,,,,
450.437,1351.73,,,,
450.804,1974.22,,,,
451.171,2361.43,,,,
451.538,2817.27,,,,
451.905,3013.33,,,,
452.271,3130.96,,,,
452.638,3104,,,,
453.005,3118.71,,,,
453.372,3202.03,,,,
453.738,3116.26,,,,
454.105,3072.14,,,,
454.471,3199.58,,,,
454.838,3157.92,,,,
455.204,3116.26,,,,
455.57,3251.05,,,,
455.937,3300.06,,,,
456.303,3224.09,,,,
456.669,3432.4,,,,
457.036,3263.3,,,,
457.402,3214.29,,,,
457.768,3371.13,,,,
458.134,3373.58,,,,
458.5,3432.4,,,,
458.866,3292.71,,,,
459.232,3385.84,,,,
459.598,3290.26,,,,
459.964,3378.49,,,,
460.329,3378.49,,,,
460.695,3439.75,,,,
461.061,3400.54,,,,
461.427,3385.84,,,,
461.792,3474.06,,,,
462.158,3635.81,,,,
462.523,3768.15,,,,
462.889,3454.46,,,,
463.254,3456.91,,,,
463.62,3493.67,,,,
463.985,3496.12,,,,
464.35,3358.88,,,,
464.716,3456.91,,,,
465.081,3444.66,,,,
465.446,3751,,,,
465.811,3611.31,,,,
466.176,3728.94,,,,
466.541,3537.78,,,,
466.906,3584.35,,,,
467.271,3557.39,,,,
467.636,3721.59,,,,
468.001,3822.07,,,,
468.366,3645.62,,,,
468.731,3621.11,,,,
469.096,3675.02,,,,
469.46,3577,,,,
469.825,3559.84,,,,
470.19,3584.35,,,,
470.554,3726.49,,,,
470.919,3662.77,,,,
471.283,3581.9,,,,
471.648,3579.45,,,,
472.012,3934.8,,,,
472.376,3765.7,,,,
472.741,3861.28,,,,
473.105,3728.94,,,,
473.469,3951.96,,,,
473.833,3714.24,,,,
474.197,3819.62,,,,
474.561,3841.67,,,,
474.925,4101.45,,,,
475.289,3971.56,,,,
475.653,4081.85,,,,
476.017,4125.96,,,,
476.381,4309.76,,,,
476.745,4214.19,,,,
477.109,4285.26,,,,
477.472,4348.98,,,,
477.836,4508.27,,,,
478.2,4351.43,,,,
478.563,4312.21,,,,
478.927,4545.03,,,,
479.29,4611.2,,,,
479.654,4834.22,,,,
480.017,4503.37,,,,
480.381,4655.32,,,,
480.744,4772.95,,,,
481.107,4951.86,,,,
481.471,4824.42,,,,
481.834,4893.04,,,,
482.197,5179.77,,,,
482.56,5302.31,,,,
482.923,5510.62,,,,
483.286,5554.74,,,,
483.649,5843.92,,,,
484.012,5647.86,,,,
484.375,5819.41,,,,
484.738,6035.08,,,,
485.1,6125.76,,,,
485.463,6226.24,,,,
485.826,6456.6,,,,
486.188,6596.3,,,,
486.551,6802.16,,,,
486.914,6934.5,,,,
487.276,7387.88,,,,
487.639,7478.56,,,,
488.001,7537.38,,,,
488.363,7652.56,,,,
488.726,7919.69,,,,
489.088,8473.56,,,,
489.45,8453.95,,,,
489.812,8801.95,,,,
490.175,9218.58,,,,
490.537,9796.95,,,,
490.899,10127.8,,,,
491.261,10537.07,,,,
491.623,10865.47,,,,
491.985,11362.97,,,,
492.347,11706.07,,,,
492.708,12142.3,,,,
493.07,12835.86,,,,
493.432,13436.29,,,,
493.794,14019.56,,,,
494.155,14656.75,,,,
494.517,15301.29,,,,
494.879,15894.37,,,,
495.24,16904.07,,,,
495.602,17612.33,,,,
495.963,18411.27,,,,
496.324,19273.93,,,,
496.686,19881.71,,,,
497.047,20719.86,,,,
497.408,21761.42,,,,
497.769,22714.75,,,,
498.131,23714.65,,,,
498.492,24866.5,,,,
498.853,25462.02,,,,
499.214,26464.37,,,,
499.575,27557.4,,,,
499.936,28155.38,,,,
500.297,29094.01,,,,
500.658,29912.55,,,,
501.018,30824.22,,,,
501.379,32248.1,,,,
501.74,32875.49,,,,
502.1,33941.55,,,,
502.461,34980.66,,,,
502.822,35524.73,,,,
503.182,35980.56,,,,
503.543,37073.59,,,,
503.903,37828.41,,,,
504.263,38323.46,,,,
504.624,39159.16,,,,
504.984,38806.25,,,,
505.344,39034.17,,,,
505.705,39301.3,,,,
506.065,39286.6,,,,
506.425,39838.01,,,,
506.785,39666.46,,,,
507.145,39335.61,,,,
507.505,39904.18,,,,
507.865,39936.04,,,,
508.225,39911.53,,,,
508.585,38990.06,,,,
508.944,38740.08,,,,
509.304,38499.91,,,,
509.664,37897.03,,,,
510.023,37419.14,,,,
510.383,36926.54,,,,
510.743,36029.58,,,,
511.102,35659.52,,,,
511.462,35144.86,,,,
511.821,34301.81,,,,
512.18,33831.27,,,,
512.54,33319.07,,,,
512.899,32348.58,,,,
513.258,31811.87,,,,
513.618,31748.15,,,,
513.977,30939.41,,,,
514.336,30218.89,,,,
514.695,29314.57,,,,
515.054,29253.3,,,,
515.413,28221.55,,,,
515.772,27233.9,,,,
516.131,26653.08,,,,
516.49,26403.1,,,,
516.848,25949.72,,,,
517.207,24998.84,,,,
517.566,24719.45,,,,
517.924,24182.74,,,,
518.283,23783.27,,,,
518.642,23543.1,,,,
519,22729.46,,,,
519.359,22707.4,,,,
519.717,21756.52,,,,
520.075,21680.55,,,,
520.434,21256.57,,,,
520.792,20761.52,,,,
521.15,20920.82,,,,
521.508,20820.34,,,,
521.867,20501.74,,,,
522.225,20161.09,,,,
522.583,19560.66,,,,
522.941,19695.45,,,,
523.299,18957.78,,,,
523.657,18663.7,,,,
524.014,17791.24,,,,
524.372,17636.84,,,,
524.73,17323.15,,,,
525.088,17261.88,,,,
525.445,17438.33,,,,
525.803,16683.51,,,,
526.161,16235.02,,,,
526.518,16440.88,,,,
526.876,16252.18,,,,
527.233,15840.45,,,,
527.591,15556.17,,,,
527.948,15382.17,,,,
528.305,15519.41,,,,
528.662,14980.25,,,,
529.02,14465.59,,,,
529.377,14504.81,,,,
529.734,14372.47,,,,
530.091,13759.78,,,,
530.448,13318.65,,,,
530.805,12723.12,,,,
531.162,12306.5,,,,
531.519,12063.88,,,,
531.876,12159.46,,,,
532.233,11875.17,,,,
532.589,11551.67,,,,
532.946,11323.76,,,,
533.303,11159.56,,,,
533.659,10787.05,,,,
534.016,10581.18,,,,
534.372,10144.95,,,,
534.729,9907.23,,,,
535.085,9649.91,,,,
535.442,9331.31,,,,
535.798,8792.15,,,,
536.154,8752.94,,,,
536.511,8591.19,,,,
536.867,8064.28,,,,
537.223,7868.23,,,,
537.579,7735.89,,,,
537.935,7863.32,,,,
538.291,7304.56,,,,
538.647,7189.37,,,,
539.003,6934.5,,,,
539.359,6765.4,,,,
539.715,6775.2,,,,
540.07,6584.04,,,,
540.426,6498.27,,,,
540.782,6179.67,,,,
541.137,6245.84,,,,
541.493,5981.16,,,,
541.849,5973.81,,,,
542.204,5824.32,,,,
542.56,5738.54,,,,
542.915,5623.36,,,,
543.27,5388.09,,,,
543.626,5272.9,,,,
543.981,5098.9,,,,
544.336,5187.13,,,,
544.691,5179.77,,,,
545.046,4905.29,,,,
545.401,4993.52,,,,
545.756,4741.09,,,,
546.111,4701.88,,,,
546.466,4670.02,,,,
546.821,4704.33,,,,
547.176,4471.51,,,,
547.531,4361.23,,,,
547.886,4219.09,,,,
548.24,4439.65,,,,
548.595,4263.2,,,,
548.95,4221.54,,,,
549.304,4194.58,,,,
549.659,4148.02,,,,
550.013,4089.2,,,,
550.367,4101.45,,,,
550.722,3856.38,,,,
551.076,3829.42,,,,
551.43,3800.01,,,,
551.785,3839.22,,,,
552.139,3731.39,,,,
552.493,3824.52,,,,
552.847,3812.27,,,,
553.201,3684.83,,,,
553.555,3670.12,,,,
553.909,3733.84,,,,
554.263,3623.56,,,,
554.617,3508.37,,,,
554.971,3515.73,,,,
555.324,3540.23,,,,
555.678,3456.91,,,,
556.032,3420.15,,,,
556.385,3412.8,,,,
556.739,3287.81,,,,
557.092,3255.95,,,,
557.446,3204.48,,,,
557.799,3417.7,,,,
558.153,3314.77,,,,
558.506,3287.81,,,,
558.859,3113.81,,,,
559.212,3273.1,,,,
559.566,3047.64,,,,
559.919,3167.72,,,,
560.272,3113.81,,,,
560.625,3199.58,,,,
560.978,3238.79,,,,
561.331,3135.86,,,,
561.684,3035.38,,,,
562.037,3018.23,,,,
562.389,3177.53,,,,
562.742,3160.37,,,,
563.095,2809.92,,,,
563.448,2925.1,,,,
563.8,2827.07,,,,
564.153,2736.39,,,,
564.505,3018.23,,,,
564.858,2939.81,,,,
565.21,2841.78,,,,
565.562,2714.34,,,,
565.915,2667.77,,,,
566.267,2888.34,,,,
566.619,2667.77,,,,
566.972,2709.44,,,,
567.324,2653.07,,,,
567.676,2790.31,,,,
568.028,2586.9,,,,
568.38,2662.87,,,,
568.732,2523.18,,,,
569.084,2488.87,,,,
569.435,2552.59,,,,
569.787,2657.97,,,,
570.139,2699.63,,,,
570.491,2523.18,,,,
570.842,2464.36,,,,
571.194,2439.86,,,,
571.546,2628.56,,,,
571.897,2476.62,,,,
572.249,2476.62,,,,
572.6,2466.81,,,,
572.951,2405.55,,,,
573.303,2412.9,,,,
573.654,2376.14,,,,
574.005,2346.73,,,,
574.356,2317.32,,,,
574.707,2224.19,,,,
575.059,2403.1,,,,
575.41,2427.6,,,,
575.761,2280.56,,,,
576.112,2177.63,,,,
576.462,2199.68,,,,
576.813,2251.15,,,,
577.164,2214.39,,,,
577.515,2175.18,,,,
577.865,2251.15,,,,
578.216,2251.15,,,,
578.567,2126.16,,,,
578.917,2241.35,,,,
579.268,2140.87,,,,
579.618,2160.47,,,,
579.969,2082.05,,,,
580.319,2221.74,,,,
580.669,2150.67,,,,
581.02,2202.14,,,,
581.37,2106.56,,,,
581.72,1947.26,,,,
582.07,1974.22,,,,
582.42,1996.27,,,,
582.77,2003.63,,,,
583.12,1939.91,,,,
583.47,2033.03,,,,
583.82,1844.33,,,,
584.17,1881.09,,,,
584.52,1912.95,,,,
584.869,2018.33,,,,
585.219,1868.84,,,,
585.569,1903.15,,,,
585.918,1871.29,,,,
586.268,1859.03,,,,
586.617,1736.5,,,,
586.967,1885.99,,,,
587.316,1790.41,,,,
587.666,1881.09,,,,
588.015,1665.42,,,,
588.364,1633.57,,,,
588.713,1783.06,,,,
589.062,1817.37,,,,
589.412,1660.52,,,,
589.761,1665.42,,,,
590.11,1778.16,,,,
590.459,1699.74,,,,
590.807,1682.58,,,,
591.156,1675.23,,,,
591.505,1719.34,,,,
591.854,1687.48,,,,
592.203,1714.44,,,,
592.551,1547.79,,,,
592.9,1719.34,,,,
593.248,1481.62,,,,
593.597,1604.16,,,,
593.945,1540.44,,,,
594.294,1520.83,,,,
594.642,1550.24,,,,
594.991,1491.42,,,,
595.339,1606.61,,,,
595.687,1648.27,,,,
596.035,1579.65,,,,
596.383,1481.62,,,,
596.732,1564.94,,,,
597.08,1464.46,,,,
597.428,1530.63,,,,
597.775,1599.26,,,,
598.123,1530.63,,,,
598.471,1356.63,,,,
598.819,1417.9,,,,
599.167,1447.31,,,,
599.514,1447.31,,,,
599.862,1319.87,,,,
600.21,1501.23,,,,
600.557,1415.45,,,,
600.905,1430.15,,,,
601.252,1557.59,,,,
601.6,1381.14,,,,
601.947,1246.35,,,,
602.294,1359.08,,,,
602.641,1354.18,,,,
602.989,1297.82,,,,
603.336,1373.79,,,,
603.683,1295.36,,,,
604.03,1341.93,,,,
604.377,1388.49,,,,
604.724,1381.14,,,,
605.071,1334.58,,,,
605.418,1300.27,,,,
605.765,1180.18,,,,
606.111,1405.65,,,,
606.458,1172.83,,,,
606.805,1251.25,,,,
607.151,1263.51,,,,
607.498,1246.35,,,,
607.844,1133.62,,,,
608.191,1126.26,,,,
608.537,1155.67,,,,
608.884,1278.21,,,,
609.23,1030.69,,,,
609.576,1111.56,,,,
609.922,1160.57,,,,
610.269,1155.67,,,,
610.615,1126.26,,,,
610.961,1221.84,,,,
611.307,1197.34,,,,
611.653,1069.9,,,,
611.999,1202.24,,,,
612.345,1057.64,,,,
612.69,1047.84,,,,
613.036,1158.12,,,,
613.382,1158.12,,,,
613.728,1121.36,,,,
614.073,971.87,,,,
614.419,1003.73,,,,
614.764,1143.42,,,,
615.11,1065,,,,
615.455,1099.31,,,,
615.801,1020.88,,,,
616.146,1003.73,,,,
616.491,1165.48,,,,
616.837,1033.14,,,,
617.182,1094.4,,,,
617.527,1104.21,,,,
617.872,1023.33,,,,
618.217,937.56,,,,
618.562,1038.04,,,,
618.907,1038.04,,,,
619.252,1082.15,,,,
619.597,883.64,,,,
619.941,949.81,,,,
620.286,954.71,,,,
620.631,1006.18,,,,
620.975,807.67,,,,
621.32,937.56,,,,
621.665,805.22,,,,
622.009,940.01,,,,
622.354,1028.23,,,,
622.698,908.15,,,,
623.042,890.99,,,,
623.387,849.33,,,,
623.731,876.29,,,,
624.075,964.52,,,,
624.419,925.3,,,,
624.763,871.39,,,,
625.107,910.6,,,,
625.451,849.33,,,,
625.795,913.05,,,,
626.139,802.77,,,,
626.483,834.63,,,,
626.827,822.37,,,,
627.171,797.87,,,,
627.514,883.64,,,,
627.858,844.43,,,,
628.201,829.73,,,,
628.545,775.81,,,,
628.888,900.8,,,,
629.232,917.95,,,,
629.575,810.12,,,,
629.919,778.26,,,,
630.262,810.12,,,,
630.605,834.63,,,,
630.948,768.46,,,,
631.292,709.64,,,,
631.635,653.27,,,,
631.978,783.16,,,,
632.321,707.19,,,,
632.664,633.67,,,,
633.007,876.29,,,,
633.349,675.33,,,,
633.692,751.3,,,,
634.035,761.11,,,,
634.378,645.92,,,,
634.72,790.51,,,,
635.063,716.99,,,,
635.405,704.74,,,,
635.748,699.84,,,,
636.09,726.79,,,,
636.433,743.95,,,,
636.775,726.79,,,,
637.117,702.29,,,,
637.46,648.37,,,,
637.802,795.42,,,,
638.144,643.47,,,,
638.486,756.2,,,,
638.828,547.89,,,,
639.17,633.67,,,,
639.512,628.77,,,,
639.854,655.72,,,,
640.196,677.78,,,,
640.538,648.37,,,,
640.879,582.2,,,,
641.221,569.95,,,,
641.563,655.72,,,,
641.904,667.98,,,,
642.246,589.55,,,,
642.587,604.26,,,,
642.929,609.16,,,,
643.27,645.92,,,,
643.611,716.99,,,,
643.953,609.16,,,,
644.294,484.17,,,,
644.635,584.65,,,,
644.976,621.41,,,,
645.317,540.54,,,,
645.658,530.74,,,,
645.999,677.78,,,,
646.34,513.58,,,,
646.681,589.55,,,,
647.022,569.95,,,,
647.363,614.06,,,,
647.703,457.21,,,,
648.044,520.93,,,,
648.385,614.06,,,,
648.725,569.95,,,,
649.066,493.98,,,,
649.406,582.2,,,,
649.747,511.13,,,,
650.087,518.48,,,,
650.428,462.12,,,,
650.768,542.99,,,,
651.108,476.82,,,,
651.448,452.31,,,,
651.788,359.19,,,,
652.128,486.62,,,,
652.468,395.95,,,,
652.808,626.31,,,,
653.148,574.85,,,,
653.488,410.65,,,,
653.828,508.68,,,,
654.168,491.52,,,,
654.507,618.96,,,,
654.847,493.98,,,,
655.187,486.62,,,,
655.526,540.54,,,,
655.866,442.51,,,,
656.205,467.02,,,,
656.545,503.78,,,,
656.884,351.83,,,,
657.223,422.9,,,,
657.563,525.83,,,,
657.902,405.75,,,,
658.241,503.78,,,,
658.58,420.45,,,,
658.919,403.3,,,,
659.258,449.86,,,,
659.597,452.31,,,,
659.936,425.36,,,,
660.275,523.38,,,,
660.614,354.28,,,,
660.952,373.89,,,,
661.291,334.68,,,,
661.63,408.2,,,,
661.968,371.44,,,,
662.307,457.21,,,,
662.645,427.81,,,,
662.984,305.27,,,,
663.322,361.64,,,,
663.661,364.09,,,,
663.999,381.24,,,,
664.337,297.92,,,,
664.675,398.4,,,,
665.013,400.85,,,,
665.351,349.38,,,,
665.689,391.04,,,,
666.027,376.34,,,,
666.365,356.73,,,,
666.703,359.19,,,,
667.041,376.34,,,,
667.379,356.73,,,,
667.717,506.23,,,,
668.054,334.68,,,,
668.392,351.83,,,,
668.729,405.75,,,,
669.067,359.19,,,,
669.404,327.33,,,,
669.742,231.75,,,,
670.079,354.28,,,,
670.417,288.11,,,,
670.754,317.52,,,,
671.091,290.56,,,,
671.428,386.14,,,,
671.765,334.68,,,,
672.102,359.19,,,,
672.439,349.38,,,,
672.776,381.24,,,,
673.113,386.14,,,,
673.45,315.07,,,,
673.787,430.26,,,,
674.124,405.75,,,,
674.46,398.4,,,,
674.797,324.88,,,,
675.134,324.88,,,,
675.47,288.11,,,,
675.807,266.06,,,,
676.143,410.65,,,,
676.479,290.56,,,,
676.816,315.07,,,,
677.152,361.64,,,,
677.488,280.76,,,,
677.824,403.3,,,,
678.161,224.4,,,,
678.497,388.59,,,,
678.833,310.17,,,,
679.169,332.23,,,,
679.505,295.47,,,,
679.84,248.9,,,,
680.176,356.73,,,,
680.512,337.13,,,,
680.848,310.17,,,,
681.183,310.17,,,,
681.519,226.85,,,,
681.855,192.54,,,,
682.19,283.21,,,,
682.525,278.31,,,,
682.861,337.13,,,,
683.196,383.69,,,,
683.532,371.44,,,,
683.867,337.13,,,,
684.202,344.48,,,,
684.537,275.86,,,,
684.872,138.62,,,,
685.207,256.25,,,,
685.542,231.75,,,,
685.877,246.45,,,,
686.212,163.13,,,,
686.547,212.14,,,,
686.882,231.75,,,,
687.216,190.08,,,,
687.551,256.25,,,,
687.886,263.61,,,,
688.22,293.02,,,,
688.555,297.92,,,,
688.889,199.89,,,,
689.224,275.86,,,,
689.558,224.4,,,,
689.892,268.51,,,,
690.227,302.82,,,,
690.561,199.89,,,,
690.895,266.06,,,,
691.229,236.65,,,,
691.563,266.06,,,,
691.897,302.82,,,,
692.231,165.58,,,,
692.565,315.07,,,,
692.899,339.58,,,,
693.233,207.24,,,,
693.566,133.72,,,,
693.9,148.42,,,,
694.234,172.93,,,,
694.567,209.69,,,,
694.901,143.52,,,,
695.234,297.92,,,,
695.568,226.85,,,,
695.901,234.2,,,,
696.234,89.6,,,,
696.567,234.2,,,,
696.901,114.11,,,,
697.234,202.34,,,,
697.567,263.61,,,,
697.9,153.32,,,,
698.233,165.58,,,,
698.566,263.61,,,,
698.899,253.8,,,,
699.232,229.3,,,,
699.565,116.56,,,,
699.897,168.03,,,,
700.23,106.76,,,,
700.563,126.37,,,,
700.895,192.54,,,,
701.228,339.58,,,,
701.56,202.34,,,,
701.893,204.79,,,,
702.225,143.52,,,,
702.557,111.66,,,,
702.89,185.18,,,,
703.222,160.68,,,,
703.554,204.79,,,,
703.886,160.68,,,,
704.218,268.51,,,,
704.55,45.49,,,,
704.882,119.01,,,,
705.214,79.8,,,,
705.546,126.37,,,,
705.878,40.59,,,,
706.209,190.08,,,,
706.541,138.62,,,,
706.873,182.73,,,,
707.204,175.38,,,,
707.536,280.76,,,,
707.867,109.21,,,,
708.199,153.32,,,,
708.53,224.4,,,,
708.861,204.79,,,,
709.193,224.4,,,,
709.524,246.45,,,,
709.855,92.06,,,,
710.186,221.94,,,,
710.517,263.61,,,,
710.848,270.96,,,,
711.179,143.52,,,,
711.51,148.42,,,,
711.841,111.66,,,,
712.172,121.46,,,,
712.502,219.49,,,,
712.833,190.08,,,,
713.164,109.21,,,,
713.494,131.27,,,,
713.825,141.07,,,,
714.155,182.73,,,,
714.486,212.14,,,,
714.816,163.13,,,,
715.146,143.52,,,,
715.476,67.55,,,,
715.807,150.87,,,,
716.137,185.18,,,,
716.467,234.2,,,,
716.797,199.89,,,,
717.127,123.92,,,,
717.457,87.15,,,,
717.787,248.9,,,,
718.117,38.14,,,,
718.446,158.23,,,,
718.776,77.35,,,,
719.106,116.56,,,,
719.435,224.4,,,,
719.765,111.66,,,,
720.095,84.7,,,,
720.424,170.48,,,,
720.753,30.79,,,,
721.083,241.55,,,,
721.412,-3.52,,,,
721.741,136.17,,,,
722.07,190.08,,,,
722.4,89.6,,,,
722.729,101.86,,,,
723.058,62.65,,,,
723.387,28.34,,,,
723.716,212.14,,,,
724.044,133.72,,,,
724.373,43.04,,,,
724.702,109.21,,,,
725.031,163.13,,,,
725.359,3.83,,,,
725.688,141.07,,,,
726.017,168.03,,,,
726.345,55.29,,,,
726.674,72.45,,,,
727.002,123.92,,,,
727.33,165.58,,,,
727.659,143.52,,,,
727.987,13.63,,,,
728.315,119.01,,,,
728.643,92.06,,,,
728.971,67.55,,,,
729.299,209.69,,,,
729.627,16.08,,,,
729.955,40.59,,,,
730.283,-8.42,,,,
730.611,87.15,,,,
730.938,33.24,,,,
731.266,101.86,,,,
731.594,60.2,,,,
731.921,143.52,,,,
732.249,168.03,,,,
732.576,128.82,,,,
732.904,-25.58,,,,
733.231,84.7,,,,
733.558,13.63,,,,
733.886,65.1,,,,
734.213,25.89,,,,
734.54,136.17,,,,
734.867,38.14,,,,
735.194,126.37,,,,
735.521,116.56,,,,
735.848,47.94,,,,
736.175,35.69,,,,
736.502,160.68,,,,
736.829,52.84,,,,
737.155,92.06,,,,
737.482,121.46,,,,
737.809,96.96,,,,
738.135,175.38,,,,
738.462,101.86,,,,
738.788,101.86,,,,
739.115,33.24,,,,
739.441,43.04,,,,
739.767,60.2,,,,
740.093,92.06,,,,
740.42,153.32,,,,
740.746,13.63,,,,
741.072,23.44,,,,
741.398,128.82,,,,
741.724,45.49,,,,
742.05,47.94,,,,
742.376,38.14,,,,
742.701,-13.33,,,,
743.027,187.63,,,,
743.353,131.27,,,,
743.679,-67.24,,,,
744.004,40.59,,,,
744.33,57.75,,,,
744.655,1.38,,,,
744.981,79.8,,,,
745.306,65.1,,,,
745.631,187.63,,,,
745.957,45.49,,,,
746.282,84.7,,,,
746.607,50.39,,,,
746.932,38.14,,,,
747.257,65.1,,,,
747.582,126.37,,,,
747.907,165.58,,,,
748.232,89.6,,,,
748.557,65.1,,,,
748.881,47.94,,,,
749.206,158.23,,,,
749.531,13.63,,,,
749.855,50.39,,,,
750.18,8.73,,,,
750.505,79.8,,,,
750.829,35.69,,,,
751.153,60.2,,,,
751.478,177.83,,,,
751.802,99.41,,,,
752.126,168.03,,,,
752.45,121.46,,,,
752.775,109.21,,,,
753.099,6.28,,,,
753.423,138.62,,,,
753.747,89.6,,,,
754.07,150.87,,,,
754.394,119.01,,,,
754.718,-20.68,,,,
755.042,6.28,,,,
755.366,55.29,,,,
755.689,77.35,,,,
756.013,-32.93,,,,
756.336,20.98,,,,
756.66,52.84,,,,
756.983,92.06,,,,
757.307,33.24,,,,
757.63,-10.88,,,,
757.953,25.89,,,,
758.276,82.25,,,,
758.599,70,,,,
758.922,74.9,,,,
759.245,60.2,,,,
759.568,155.77,,,,
759.891,40.59,,,,
760.214,65.1,,,,
760.537,92.06,,,,
760.86,50.39,,,,
761.183,111.66,,,,
761.505,11.18,,,,
761.828,77.35,,,,
762.15,3.83,,,,
762.473,55.29,,,,
762.795,45.49,,,,
763.118,148.42,,,,
763.44,172.93,,,,
763.762,138.62,,,,
764.084,13.63,,,,
764.407,18.53,,,,
764.729,45.49,,,,
765.051,111.66,,,,
765.373,11.18,,,,
765.695,96.96,,,,
766.016,79.8,,,,
766.338,-40.28,,,,
766.66,28.34,,,,
766.982,25.89,,,,
767.303,-3.52,,,,
767.625,187.63,,,,
767.947,20.98,,,,
768.268,111.66,,,,
768.589,136.17,,,,
768.911,28.34,,,,
769.232,79.8,,,,
769.553,123.92,,,,
769.875,28.34,,,,
770.196,23.44,,,,
770.517,-37.83,,,,
770.838,-32.93,,,,
771.159,92.06,,,,
771.48,-5.97,,,,
771.801,94.51,,,,
772.122,1.38,,,,
772.442,126.37,,,,
772.763,52.84,,,,
773.084,43.04,,,,
773.404,116.56,,,,
773.725,74.9,,,,
774.045,123.92,,,,
774.366,-15.78,,,,
774.686,131.27,,,,
775.007,94.51,,,,
775.327,145.97,,,,
775.647,92.06,,,,
775.967,3.83,,,,
776.287,72.45,,,,
776.607,96.96,,,,
776.927,74.9,,,,
777.247,-35.38,,,,
777.567,25.89,,,,
777.887,-15.78,,,,
778.207,16.08,,,,
778.527,3.83,,,,
778.846,11.18,,,,
779.166,33.24,,,,
779.485,55.29,,,,
779.805,121.46,,,,
780.124,33.24,,,,
780.444,89.6,,,,
780.763,52.84,,,,
781.082,165.58,,,,
781.402,153.32,,,,
781.721,160.68,,,,
782.04,40.59,,,,
782.359,-3.52,,,,
782.678,128.82,,,,
782.997,62.65,,,,
783.316,45.49,,,,
783.635,94.51,,,,
783.953,43.04,,,,
784.272,94.51,,,,
784.591,67.55,,,,
784.909,-5.97,,,,
785.228,121.46,,,,
785.546,92.06,,,,
785.865,96.96,,,,
786.183,43.04,,,,
786.501,28.34,,,,
786.82,-1.07,,,,
787.138,50.39,,,,
787.456,94.51,,,,
787.774,207.24,,,,
788.092,-13.33,,,,
788.41,84.7,,,,
788.728,50.39,,,,
789.046,43.04,,,,
789.364,40.59,,,,
789.682,229.3,,,,
789.999,87.15,,,,
790.317,40.59,,,,
790.635,45.49,,,,
790.952,50.39,,,,
791.27,-47.64,,,,
791.587,160.68,,,,
791.905,197.44,,,,
792.222,101.86,,,,
792.539,94.51,,,,
792.856,84.7,,,,
793.173,25.89,,,,
793.491,40.59,,,,
793.808,-8.42,,,,
794.125,-35.38,,,,
794.442,121.46,,,,
794.758,47.94,,,,
795.075,45.49,,,,
795.392,70,,,,
795.709,70,,,,
796.025,185.18,,,,
796.342,104.31,,,,
796.658,72.45,,,,
796.975,65.1,,,,
797.291,40.59,,,,
797.608,-10.88,,,,
797.924,28.34,,,,
798.24,109.21,,,,
798.557,145.97,,,,
798.873,70,,,,
799.189,47.94,,,,
799.505,116.56,,,,
799.821,-42.73,,,,
800.137,180.28,,,,
800.453,-62.34,,,,
800.768,55.29,,,,
801.084,-84.4,,,,
801.4,57.75,,,,
801.715,136.17,,,,
802.031,175.38,,,,
802.347,-25.58,,,,
802.662,136.17,,,,
802.977,160.68,,,,
803.293,84.7,,,,
803.608,23.44,,,,
803.923,43.04,,,,
804.238,143.52,,,,
804.554,-3.52,,,,
804.869,72.45,,,,
805.184,20.98,,,,
805.499,40.59,,,,
805.814,-1.07,,,,
806.128,-25.58,,,,
806.443,20.98,,,,
806.758,143.52,,,,
807.073,25.89,,,,
807.387,106.76,,,,
807.702,-8.42,,,,
808.016,-18.23,,,,
808.331,57.75,,,,
808.645,52.84,,,,
808.959,60.2,,,,
809.274,30.79,,,,
809.588,138.62,,,,
809.902,114.11,,,,
810.216,-1.07,,,,
810.53,30.79,,,,
810.844,-28.03,,,,
811.158,-18.23,,,,
811.472,67.55,,,,
811.786,50.39,,,,
812.1,-3.52,,,,
812.413,84.7,,,,
812.727,35.69,,,,
813.041,-10.88,,,,
813.354,60.2,,,,
813.668,101.86,,,,
813.981,96.96,,,,
814.294,57.75,,,,
814.608,35.69,,,,
814.921,6.28,,,,
815.234,89.6,,,,
815.547,160.68,,,,
815.86,11.18,,,,
816.173,101.86,,,,
816.486,33.24,,,,
816.799,45.49,,,,
817.112,33.24,,,,
817.425,30.79,,,,
817.738,55.29,,,,
818.05,-20.68,,,,
818.363,23.44,,,,
818.676,11.18,,,,
818.988,55.29,,,,
819.301,-25.58,,,,
819.613,-42.73,,,,
819.925,-1.07,,,,
820.238,143.52,,,,
820.55,18.53,,,,
820.862,94.51,,,,
821.174,-50.09,,,,
821.486,-20.68,,,,
821.798,43.04,,,,
822.11,18.53,,,,
822.422,-40.28,,,,
822.734,65.1,,,,
823.046,13.63,,,,
823.357,-96.65,,,,
823.669,-42.73,,,,
823.981,-47.64,,,,
824.292,28.34,,,,
824.604,89.6,,,,
824.915,-77.04,,,,
825.226,8.73,,,,
825.538,6.28,,,,
825.849,8.73,,,,
826.16,6.28,,,,
826.471,-72.14,,,,
826.782,57.75,,,,
827.093,38.14,,,,
827.404,72.45,,,,
827.715,-20.68,,,,
828.026,52.84,,,,
828.337,50.39,,,,
828.648,23.44,,,,
828.958,138.62,,,,
829.269,-42.73,,,,
829.58,13.63,,,,
829.89,20.98,,,,
830.2,-40.28,,,,
830.511,11.18,,,,
830.821,-45.19,,,,
831.131,77.35,,,,
831.442,65.1,,,,
831.752,-47.64,,,,
832.062,50.39,,,,
832.372,45.49,,,,
832.682,-15.78,,,,
832.992,96.96,,,,
833.302,20.98,,,,
833.612,-52.54,,,,
833.921,-50.09,,,,
834.231,-20.68,,,,
834.541,-8.42,,,,
834.85,-57.44,,,,
835.16,-5.97,,,,
835.469,25.89,,,,
835.779,72.45,,,,
836.088,35.69,,,,
836.397,-155.47,,,,
836.707,1.38,,,,
837.016,-30.48,,,,
837.325,8.73,,,,
837.634,18.53,,,,
837.943,35.69,,,,
838.252,-42.73,,,,
838.561,57.75,,,,
838.87,77.35,,,,
839.178,11.18,,,,
839.487,18.53,,,,
839.796,-79.5,,,,
840.104,55.29,,,,
840.413,82.25,,,,
840.721,50.39,,,,
841.03,-10.88,,,,
841.338,-23.13,,,,
841.647,62.65,,,,
841.955,-3.52,,,,
842.263,45.49,,,,
842.571,126.37,,,,
842.879,3.83,,,,
843.187,-32.93,,,,
843.495,87.15,,,,
843.803,87.15,,,,
844.111,-20.68,,,,
844.419,-25.58,,,,
844.726,47.94,,,,
845.034,-5.97,,,,
845.342,11.18,,,,
845.649,47.94,,,,
845.957,25.89,,,,
846.264,45.49,,,,
846.572,-42.73,,,,
846.879,-3.52,,,,
847.186,16.08,,,,
847.493,-1.07,,,,
847.801,-20.68,,,,
848.108,52.84,,,,
848.415,3.83,,,,
848.722,92.06,,,,
849.029,-28.03,,,,
849.335,25.89,,,,
849.642,28.34,,,,
849.949,-18.23,,,,
850.256,-28.03,,,,
850.562,65.1,,,,
850.869,43.04,,,,
851.175,143.52,,,,
851.482,-8.42,,,,
851.788,45.49,,,,
852.095,-35.38,,,,
852.401,-8.42,,,,
852.707,28.34,,,,
853.013,-62.34,,,,
853.319,-79.5,,,,
853.625,-8.42,,,,
853.931,109.21,,,,
854.237,-108.9,,,,
854.543,47.94,,,,
854.849,87.15,,,,
855.155,-18.23,,,,
855.46,-8.42,,,,
855.766,57.75,,,,
856.072,-1.07,,,,
856.377,11.18,,,,
856.683,-86.85,,,,
856.988,74.9,,,,
857.293,23.44,,,,
857.599,3.83,,,,
857.904,123.92,,,,
858.209,-62.34,,,,
858.514,57.75,,,,
858.819,-1.07,,,,
859.124,40.59,,,,
859.429,82.25,,,,
859.734,-54.99,,,,
860.039,-1.07,,,,
860.343,-35.38,,,,
860.648,-111.36,,,,
860.953,20.98,,,,
861.257,-45.19,,,,
861.562,82.25,,,,
861.866,-45.19,,,,
862.171,101.86,,,,
862.475,-42.73,,,,
862.779,-35.38,,,,
863.084,79.8,,,,
863.388,-113.81,,,,
863.692,-45.19,,,,
863.996,-69.69,,,,
864.3,-50.09,,,,
864.604,11.18,,,,
864.908,-20.68,,,,
865.211,84.7,,,,
865.515,-54.99,,,,
865.819,65.1,,,,
866.123,25.89,,,,
866.426,1.38,,,,
866.73,-1.07,,,,
867.033,-32.93,,,,
867.336,-89.3,,,,
867.64,-30.48,,,,
867.943,-8.42,,,,
868.246,28.34,,,,
868.549,-15.78,,,,
868.853,-18.23,,,,
869.156,-45.19,,,,
869.459,60.2,,,,
869.762,-35.38,,,,
870.064,121.46,,,,
870.367,6.28,,,,
870.67,-40.28,,,,
870.973,-3.52,,,,
871.275,-35.38,,,,
871.578,-3.52,,,,
871.88,72.45,,,,
872.183,-64.79,,,,
872.485,-5.97,,,,
872.787,60.2,,,,
873.09,47.94,,,,
873.392,-74.59,,,,
873.694,30.79,,,,
873.996,33.24,,,,
874.298,-106.45,,,,
874.6,-42.73,,,,
874.902,65.1,,,,
875.204,60.2,,,,
875.506,40.59,,,,
875.808,-28.03,,,,
876.109,-25.58,,,,
876.411,82.25,,,,
876.712,-23.13,,,,
877.014,35.69,,,,
877.315,1.38,,,,
877.617,-99.1,,,,
877.918,-25.58,,,,
878.219,77.35,,,,
878.521,-40.28,,,,
878.822,-28.03,,,,
879.123,101.86,,,,
879.424,33.24,,,,
879.725,79.8,,,,
880.026,-52.54,,,,
880.326,-8.42,,,,
880.627,11.18,,,,
880.928,-35.38,,,,
881.229,-91.75,,,,
881.529,43.04,,,,
881.83,89.6,,,,
882.13,-81.95,,,,
882.431,45.49,,,,
882.731,87.15,,,,
883.031,-84.4,,,,
883.332,16.08,,,,
883.632,3.83,,,,
883.932,-20.68,,,,
884.232,28.34,,,,
884.532,52.84,,,,
884.832,-25.58,,,,
885.132,163.13,,,,
885.432,-74.59,,,,
885.732,1.38,,,,
886.031,6.28,,,,
886.331,-8.42,,,,
886.63,33.24,,,,
886.93,57.75,,,,
887.229,60.2,,,,
887.529,3.83,,,,
887.828,6.28,,,,
888.128,-69.69,,,,
888.427,38.14,,,,
888.726,1.38,,,,
889.025,57.75,,,,
889.324,13.63,,,,
889.623,-54.99,,,,
889.922,1.38,,,,
890.221,45.49,,,,
890.52,40.59,,,,
890.818,-15.78,,,,
891.117,119.01,,,,
891.416,-23.13,,,,
891.714,18.53,,,,
892.013,-62.34,,,,
892.311,-30.48,,,,
892.61,60.2,,,,
892.908,-30.48,,,,
893.206,-118.71,,,,
893.505,-74.59,,,,
893.803,40.59,,,,
894.101,40.59,,,,
894.399,77.35,,,,
894.697,67.55,,,,
894.995,55.29,,,,
895.293,-23.13,,,,
895.59,-52.54,,,,
895.888,-91.75,,,,
896.186,126.37,,,,
896.483,77.35,,,,
896.781,106.76,,,,
897.078,67.55,,,,
897.376,52.84,,,,
897.673,-62.34,,,,
897.971,-121.16,,,,
898.268,-18.23,,,,
898.565,65.1,,,,
898.862,-113.81,,,,
899.159,-35.38,,,,
899.456,-20.68,,,,
899.753,104.31,,,,
900.05,-40.28,,,,
900.347,33.24,,,,
900.644,38.14,,,,
900.94,-67.24,,,,
901.237,-84.4,,,,
901.534,-42.73,,,,
901.83,-54.99,,,,
902.126,-10.88,,,,
902.423,50.39,,,,
902.719,72.45,,,,
903.016,-128.51,,,,
903.312,-15.78,,,,
903.608,-8.42,,,,
903.904,16.08,,,,
904.2,-45.19,,,,
904.496,-40.28,,,,
904.792,-10.88,,,,
905.088,60.2,,,,
905.384,3.83,,,,
905.679,-20.68,,,,
905.975,-40.28,,,,
906.271,121.46,,,,
906.566,-13.33,,,,
906.862,-81.95,,,,
907.157,-20.68,,,,
907.452,-123.61,,,,
907.748,30.79,,,,
908.043,23.44,,,,
908.338,-50.09,,,,
908.633,-23.13,,,,
908.928,-3.52,,,,
909.223,-67.24,,,,
909.518,45.49,,,,
909.813,-94.2,,,,
910.108,13.63,,,,
910.403,-54.99,,,,
910.698,20.98,,,,
910.992,38.14,,,,
911.287,82.25,,,,
911.581,-30.48,,,,
911.876,-32.93,,,,
912.17,-28.03,,,,
912.465,-5.97,,,,
912.759,89.6,,,,
913.053,-45.19,,,,
913.347,13.63,,,,
913.641,50.39,,,,
913.935,-40.28,,,,
914.229,-3.52,,,,
914.523,20.98,,,,
914.817,16.08,,,,
915.111,-81.95,,,,
915.405,-20.68,,,,
915.698,-50.09,,,,
915.992,-28.03,,,,
916.285,-10.88,,,,
916.579,13.63,,,,
916.872,-25.58,,,,
917.166,-64.79,,,,
917.459,20.98,,,,
917.752,89.6,,,,
918.045,-1.07,,,,
918.338,13.63,,,,
918.632,33.24,,,,
918.925,11.18,,,,
919.217,25.89,,,,
919.51,33.24,,,,
919.803,-42.73,,,,
920.096,11.18,,,,
920.389,114.11,,,,
920.681,77.35,,,,
920.974,-18.23,,,,
921.266,13.63,,,,
921.559,-18.23,,,,
921.851,-25.58,,,,
922.143,23.44,,,,
922.436,-3.52,,,,
922.728,-3.52,,,,
923.02,-106.45,,,,
923.312,-40.28,,,,
923.604,-121.16,,,,
923.896,106.76,,,,
924.188,-104,,,,
924.48,-37.83,,,,
924.772,-50.09,,,,
925.063,23.44,,,,
925.355,33.24,,,,
925.647,-59.89,,,,
925.938,-8.42,,,,
926.23,-140.76,,,,
926.521,25.89,,,,
926.812,28.34,,,,
927.104,18.53,,,,
927.395,40.59,,,,
927.686,-89.3,,,,
927.977,47.94,,,,
928.268,-45.19,,,,
928.559,-47.64,,,,
928.85,65.1,,,,
929.141,-54.99,,,,
929.432,-59.89,,,,
929.722,67.55,,,,
930.013,-28.03,,,,
930.304,72.45,,,,
930.594,-96.65,,,,
930.885,-13.33,,,,
931.175,6.28,,,,
931.465,-3.52,,,,
931.756,-69.69,,,,
932.046,55.29,,,,
932.336,-123.61,,,,
932.626,47.94,,,,
932.916,57.75,,,,
933.206,8.73,,,,
933.496,33.24,,,,
933.786,-32.93,,,,
934.076,-28.03,,,,
934.365,-23.13,,,,
934.655,38.14,,,,
934.945,-30.48,,,,
935.234,38.14,,,,
935.524,-3.52,,,,
935.813,-128.51,,,,
936.103,-1.07,,,,
936.392,-148.12,,,,
936.681,-23.13,,,,
936.97,-15.78,,,,
937.259,-121.16,,,,
937.548,-25.58,,,,
937.837,65.1,,,,
938.126,87.15,,,,
938.415,89.6,,,,
938.704,-54.99,,,,
938.993,-32.93,,,,
939.281,-20.68,,,,
939.57,-111.36,,,,
939.859,-62.34,,,,
940.147,-15.78,,,,
940.436,-99.1,,,,
940.724,-54.99,,,,
941.012,72.45,,,,
941.301,-1.07,,,,
941.589,-30.48,,,,
941.877,-138.31,,,,
942.165,-3.52,,,,
942.453,-81.95,,,,
942.741,28.34,,,,
943.029,-35.38,,,,
943.316,-52.54,,,,
943.604,-5.97,,,,
943.892,-1.07,,,,
944.18,96.96,,,,
944.467,13.63,,,,
944.755,-35.38,,,,
945.042,-1.07,,,,
945.329,-10.88,,,,
945.617,-69.69,,,,
945.904,28.34,,,,
946.191,11.18,,,,
946.478,70,,,,
946.765,-84.4,,,,
947.052,-50.09,,,,
947.339,35.69,,,,
947.626,40.59,,,,
947.913,-42.73,,,,
948.2,-18.23,,,,
948.486,-10.88,,,,
948.773,-50.09,,,,
949.06,16.08,,,,
949.346,101.86,,,,
949.633,-67.24,,,,
949.919,1.38,,,,
950.205,-18.23,,,,
950.492,23.44,,,,
950.778,1.38,,,,
951.064,-13.33,,,,
951.35,-3.52,,,,
951.636,30.79,,,,
951.922,25.89,,,,
952.208,-18.23,,,,
952.494,43.04,,,,
952.779,-15.78,,,,
953.065,-47.64,,,,
953.351,-15.78,,,,
953.636,-42.73,,,,
953.922,82.25,,,,
954.207,72.45,,,,
954.492,65.1,,,,
954.778,28.34,,,,
955.063,-15.78,,,,
955.348,-13.33,,,,
955.633,1.38,,,,
955.918,-45.19,,,,
956.203,25.89,,,,
956.488,-99.1,,,,
956.773,-69.69,,,,
957.058,-47.64,,,,
957.343,16.08,,,,
957.627,23.44,,,,
957.912,30.79,,,,
958.197,40.59,,,,
958.481,25.89,,,,
958.766,-1.07,,,,
959.05,145.97,,,,
959.334,-28.03,,,,
959.619,-18.23,,,,
959.903,-30.48,,,,
960.187,-138.31,,,,
960.471,65.1,,,,
960.755,30.79,,,,
961.039,-57.44,,,,
961.323,25.89,,,,
961.606,70,,,,
961.89,23.44,,,,
962.174,143.52,,,,
962.457,-28.03,,,,
962.741,23.44,,,,
963.025,-57.44,,,,
963.308,25.89,,,,
963.591,77.35,,,,
963.875,74.9,,,,
964.158,70,,,,
964.441,35.69,,,,
964.724,-15.78,,,,
965.007,-35.38,,,,
965.29,87.15,,,,
965.573,25.89,,,,
965.856,38.14,,,,
966.139,11.18,,,,
966.421,-5.97,,,,
966.704,-81.95,,,,
966.987,8.73,,,,
967.269,3.83,,,,
967.552,-28.03,,,,
967.834,-18.23,,,,
968.117,-1.07,,,,
968.399,50.39,,,,
968.681,60.2,,,,
968.963,-126.06,,,,
969.245,-32.93,,,,
969.527,123.92,,,,
969.809,-32.93,,,,
970.091,-130.96,,,,
970.373,16.08,,,,
970.655,38.14,,,,
970.937,-79.5,,,,
971.218,-25.58,,,,
971.5,106.76,,,,
971.781,-69.69,,,,
972.063,-106.45,,,,
972.344,-138.31,,,,
972.626,-20.68,,,,
972.907,-1.07,,,,
973.188,-1.07,,,,
973.469,40.59,,,,
973.75,-32.93,,,,
974.031,-30.48,,,,
974.312,-47.64,,,,
974.593,70,,,,
974.874,-28.03,,,,
975.155,-89.3,,,,
975.435,153.32,,,,
975.716,-130.96,,,,
975.997,-13.33,,,,
976.277,50.39,,,,
976.558,60.2,,,,
976.838,33.24,,,,
977.118,-30.48,,,,
977.399,-45.19,,,,
977.679,45.49,,,,
977.959,-37.83,,,,
978.239,67.55,,,,
978.519,55.29,,,,
978.799,128.82,,,,
979.079,52.84,,,,
979.359,60.2,,,,
979.638,-20.68,,,,
979.918,-79.5,,,,
980.198,11.18,,,,
980.477,-57.44,,,,
980.757,45.49,,,,
981.036,-69.69,,,,
981.315,33.24,,,,
981.595,-32.93,,,,
981.874,-42.73,,,,
982.153,13.63,,,,
982.432,94.51,,,,
982.711,45.49,,,,
982.99,28.34,,,,
983.269,-74.59,,,,
983.548,3.83,,,,
983.827,3.83,,,,
984.105,96.96,,,,
984.384,-130.96,,,,
984.663,1.38,,,,
984.941,30.79,,,,
985.22,-52.54,,,,
985.498,16.08,,,,
985.776,-89.3,,,,
986.055,-32.93,,,,
986.333,-28.03,,,,
986.611,62.65,,,,
986.889,77.35,,,,
987.167,38.14,,,,
987.445,136.17,,,,
987.723,30.79,,,,
988.001,87.15,,,,
988.279,65.1,,,,
988.556,-28.03,,,,
988.834,40.59,,,,
989.112,45.49,,,,
989.389,-113.81,,,,
989.666,-5.97,,,,
989.944,30.79,,,,
990.221,1.38,,,,
990.498,38.14,,,,
990.776,13.63,,,,
991.053,38.14,,,,
991.33,-47.64,,,,
991.607,-3.52,,,,
991.884,-10.88,,,,
992.161,-37.83,,,,
992.437,84.7,,,,
992.714,-28.03,,,,
992.991,-84.4,,,,
993.267,-1.07,,,,
993.544,-42.73,,,,
993.82,23.44,,,,
994.097,65.1,,,,
994.373,-1.07,,,,
994.649,1.38,,,,
994.926,-1.07,,,,
995.202,70,,,,
995.478,-10.88,,,,
995.754,-5.97,,,,
996.03,-3.52,,,,
996.306,96.96,,,,
996.582,-67.24,,,,
996.857,-30.48,,,,
997.133,43.04,,,,
997.409,18.53,,,,
997.684,-5.97,,,,
997.96,-91.75,,,,
998.235,20.98,,,,
998.511,20.98,,,,
998.786,3.83,,,,
999.061,23.44,,,,
999.336,-40.28,,,,
999.611,-23.13,,,,
999.886,25.89,,,,
1000.161,18.53,,,,
1000.436,33.24,,,,
1000.711,43.04,,,,
1000.986,-30.48,,,,
1001.261,-15.78,,,,
1001.535,-69.69,,,,
1001.81,20.98,,,,
1002.085,16.08,,,,
1002.359,-57.44,,,,
1002.633,18.53,,,,
1002.908,-69.69,,,,
1003.182,-42.73,,,,
1003.456,23.44,,,,
1003.73,-91.75,,,,
1004.004,-15.78,,,,
1004.278,-30.48,,,,
1004.552,-5.97,,,,
1004.826,52.84,,,,
1005.1,-15.78,,,,
1005.374,8.73,,,,
1005.648,-54.99,,,,
1005.921,-45.19,,,,
1006.195,-47.64,,,,
1006.468,43.04,,,,
1006.742,33.24,,,,
1007.015,-23.13,,,,
1007.288,-52.54,,,,
1007.562,-42.73,,,,
1007.835,-35.38,,,,
1008.108,-89.3,,,,
1008.381,67.55,,,,
1008.654,-5.97,,,,
1008.927,62.65,,,,
1009.2,-42.73,,,,
1009.472,-86.85,,,,
1009.745,62.65,,,,
1010.018,47.94,,,,
1010.29,11.18,,,,
1010.563,18.53,,,,
1010.835,6.28,,,,
1011.108,-37.83,,,,
1011.38,1.38,,,,
1011.652,-18.23,,,,
1011.924,-32.93,,,,
1012.197,67.55,,,,
1012.469,16.08,,,,
1012.741,35.69,,,,
1013.013,-111.36,,,,
1013.284,3.83,,,,
1013.556,-30.48,,,,
1013.828,121.46,,,,
1014.1,8.73,,,,
1014.371,82.25,,,,
1014.643,25.89,,,,
1014.914,1.38,,,,
1015.186,1.38,,,,
1015.457,1.38,,,,
